CAMPO,DESCRIPCION,TIPO,VALOR POSIBLE
OBJECTID,IDENTIFICADOR INTERNO,NUMERICO,0-9
NOM_EDO,NOMBRE DE LA ENTIDAD FEDERATIVA,Texto,A-Z
CLV_REGION,CLAVE DE LA REGION HIDROLOGICO ADMINISTRATIVA,Texto,A-Z
NOM_REGION,NOMBRE DE LA REGION HIDROLOGICO ADMINISTRATIVA,Texto,A-Z
CLV_ACUI,CLAVE DEL ACUIFERO,Cadena,"A-Z, 0-9"
NOM_ACUI,NOMBRE DEL ACUIFERO,Texto,A-Z
AREA_KM2,SUPERFICIE EN KM2,DECIMAL DOBLE,0-9
RECARGA_TO,RECARGA TOTAL EN HM3,DECIMAL DOBLE,0-9
DESCARGA_N,DESCARGA NATURAL COMPROMETIDA EN HM3,DECIMAL DOBLE,0-9
VCAS,VOLUMEN CONCESIONADO/ASIGNADO DE AGUAS SUBTERRANEAS EN HM3,DECIMAL DOBLE,0-9
VEALA,VOLUMEN DE EXTRACCION DE AGUA EN LAS ZONAS DE SUSPENSION PROVISIONAL DE LIBRE ALUMBRAMIENTO Y LOS INSCRITOS EN EL REGISTRO NACIONAL PERMANENTE EN HM3,DECIMAL DOBLE,0-9
VAPTYR,VOLUMEN DE EXTRACCION DE AGUA PENDIENTE DE TITULACION Y/O REGISTRO EN EL REPDA EN HM3,DECIMAL DOBLE,0-9
VAPRH,"VOLUMEN DE AGUA CORRESPONDIENTE A RESERVAS, REGLAMENTOS Y PROGRAMACION HIDRICA EN HM3",DECIMAL DOBLE,0-9
VEAS,VOLUMEN DE EXTRACCION DE AGUAS SUBTERRANEAS,DECIMAL DOBLE,0-9
DMA_POSITI,DISPONIBILIDAD MEDIA ANUAL DE AGUA SUBTERRANEA EN HM3,DECIMAL DOBLE,0-9
DMA_NEGATI,DEFICIT EN HM3,DECIMAL DOBLE,0-9
DOC,URL AL DOCUMENTO DE RESPALDO,TEXTO,A-Z
